<?xml version="1.0" encoding="utf-8"?>
<edmx:Edmx Version="4.0" xmlns:edmx="http://docs.oasis-open.org/odata/ns/edmx">
    <edmx:Reference Uri="https://sap.github.io/odata-vocabularies/vocabularies/Common.xml">
        <edmx:Include Alias="Common" Namespace="com.sap.vocabularies.Common.v1"/>
    </edmx:Reference>
    <edmx:Reference Uri="https://oasis-tcs.github.io/odata-vocabularies/vocabularies/Org.OData.Core.V1.xml">
        <edmx:Include Alias="Core" Namespace="Org.OData.Core.V1"/>
    </edmx:Reference>
    <edmx:Reference Uri="https://sap.github.io/odata-vocabularies/vocabularies/UI.xml">
        <edmx:Include Alias="UI" Namespace="com.sap.vocabularies.UI.v1"/>
    </edmx:Reference>
    <edmx:DataServices>
        <Schema Namespace="riskmanagement_I811991Service" xmlns="http://docs.oasis-open.org/odata/ns/edm">
            <EntityContainer Name="EntityContainer">
                <EntitySet Name="Risks" EntityType="riskmanagement_I811991Service.Risks">
                    <NavigationPropertyBinding Path="miti" Target="Mitigations"/>
                    <NavigationPropertyBinding Path="supplier" Target="A_Supplier"/>
                    <NavigationPropertyBinding Path="SiblingEntity" Target="Risks"/>
                </EntitySet>
                <EntitySet Name="Mitigations" EntityType="riskmanagement_I811991Service.Mitigations">
                    <NavigationPropertyBinding Path="risks" Target="Risks"/>
                    <NavigationPropertyBinding Path="SiblingEntity" Target="Mitigations"/>
                </EntitySet>
                <EntitySet Name="A_Supplier" EntityType="riskmanagement_I811991Service.A_Supplier"/>
            </EntityContainer>
            <EntityType Name="Risks">
                <Key>
                    <PropertyRef Name="ID"/>
                    <PropertyRef Name="IsActiveEntity"/>
                </Key>
                <Property Name="createdAt" Type="Edm.DateTimeOffset" Precision="7"/>
                <Property Name="createdBy" Type="Edm.String" MaxLength="255"/>
                <Property Name="modifiedAt" Type="Edm.DateTimeOffset" Precision="7"/>
                <Property Name="modifiedBy" Type="Edm.String" MaxLength="255"/>
                <Property Name="ID" Type="Edm.Guid" Nullable="false"/>
                <NavigationProperty Name="miti" Type="riskmanagement_I811991Service.Mitigations" Partner="risks">
                    <ReferentialConstraint Property="miti_ID" ReferencedProperty="ID"/>
                </NavigationProperty>
                <Property Name="miti_ID" Type="Edm.Guid"/>
                <Property Name="title" Type="Edm.String" MaxLength="100"/>
                <Property Name="prio" Type="Edm.String" MaxLength="5"/>
                <Property Name="description" Type="Edm.String" MaxLength="100"/>
                <Property Name="impact" Type="Edm.Int32"/>
                <Property Name="criticality" Type="Edm.Int32"/>
                <NavigationProperty Name="supplier" Type="riskmanagement_I811991Service.A_Supplier">
                    <ReferentialConstraint Property="supplier_BusinessPartner" ReferencedProperty="BusinessPartner"/>
                </NavigationProperty>
                <Property Name="supplier_BusinessPartner" Type="Edm.String" MaxLength="10"/>
                <Property Name="IsActiveEntity" Type="Edm.Boolean" Nullable="false" DefaultValue="true"/>
                <Property Name="HasActiveEntity" Type="Edm.Boolean" Nullable="false" DefaultValue="false"/>
                <Property Name="HasDraftEntity" Type="Edm.Boolean" Nullable="false" DefaultValue="false"/>
                <NavigationProperty Name="DraftAdministrativeData" Type="riskmanagement_I811991Service.DraftAdministrativeData" ContainsTarget="true"/>
                <NavigationProperty Name="SiblingEntity" Type="riskmanagement_I811991Service.Risks"/>
            </EntityType>
            <EntityType Name="Mitigations">
                <Key>
                    <PropertyRef Name="ID"/>
                    <PropertyRef Name="IsActiveEntity"/>
                </Key>
                <Property Name="createdAt" Type="Edm.DateTimeOffset" Precision="7"/>
                <Property Name="createdBy" Type="Edm.String" MaxLength="255"/>
                <Property Name="modifiedAt" Type="Edm.DateTimeOffset" Precision="7"/>
                <Property Name="modifiedBy" Type="Edm.String" MaxLength="255"/>
                <Property Name="ID" Type="Edm.Guid" Nullable="false"/>
                <NavigationProperty Name="risks" Type="Collection(riskmanagement_I811991Service.Risks)" Partner="miti"/>
                <Property Name="description" Type="Edm.String" MaxLength="100"/>
                <Property Name="owner" Type="Edm.String" MaxLength="100"/>
                <Property Name="timeline" Type="Edm.String" MaxLength="100"/>
                <Property Name="IsActiveEntity" Type="Edm.Boolean" Nullable="false" DefaultValue="true"/>
                <Property Name="HasActiveEntity" Type="Edm.Boolean" Nullable="false" DefaultValue="false"/>
                <Property Name="HasDraftEntity" Type="Edm.Boolean" Nullable="false" DefaultValue="false"/>
                <NavigationProperty Name="DraftAdministrativeData" Type="riskmanagement_I811991Service.DraftAdministrativeData" ContainsTarget="true"/>
                <NavigationProperty Name="SiblingEntity" Type="riskmanagement_I811991Service.Mitigations"/>
            </EntityType>
            <EntityType Name="A_Supplier">
                <Key>
                    <PropertyRef Name="BusinessPartner"/>
                </Key>
                <Property Name="BusinessPartner" Type="Edm.String" MaxLength="10" Nullable="false"/>
                <Property Name="BusinessPartnerFullName" Type="Edm.String" MaxLength="81"/>
                <Property Name="BusinessPartnerIsBlocked" Type="Edm.Boolean"/>
            </EntityType>
            <EntityType Name="DraftAdministrativeData">
                <Key>
                    <PropertyRef Name="DraftUUID"/>
                </Key>
                <Property Name="DraftUUID" Type="Edm.Guid" Nullable="false"/>
                <Property Name="CreationDateTime" Type="Edm.DateTimeOffset" Precision="7"/>
                <Property Name="CreatedByUser" Type="Edm.String" MaxLength="256"/>
                <Property Name="DraftIsCreatedByMe" Type="Edm.Boolean"/>
                <Property Name="LastChangeDateTime" Type="Edm.DateTimeOffset" Precision="7"/>
                <Property Name="LastChangedByUser" Type="Edm.String" MaxLength="256"/>
                <Property Name="InProcessByUser" Type="Edm.String" MaxLength="256"/>
                <Property Name="DraftIsProcessedByMe" Type="Edm.Boolean"/>
            </EntityType>
            <Action Name="draftPrepare" IsBound="true" EntitySetPath="in">
                <Parameter Name="in" Type="riskmanagement_I811991Service.Risks"/>
                <Parameter Name="SideEffectsQualifier" Type="Edm.String"/>
                <ReturnType Type="riskmanagement_I811991Service.Risks"/>
            </Action>
            <Action Name="draftPrepare" IsBound="true" EntitySetPath="in">
                <Parameter Name="in" Type="riskmanagement_I811991Service.Mitigations"/>
                <Parameter Name="SideEffectsQualifier" Type="Edm.String"/>
                <ReturnType Type="riskmanagement_I811991Service.Mitigations"/>
            </Action>
            <Action Name="draftActivate" IsBound="true" EntitySetPath="in">
                <Parameter Name="in" Type="riskmanagement_I811991Service.Risks"/>
                <ReturnType Type="riskmanagement_I811991Service.Risks"/>
            </Action>
            <Action Name="draftActivate" IsBound="true" EntitySetPath="in">
                <Parameter Name="in" Type="riskmanagement_I811991Service.Mitigations"/>
                <ReturnType Type="riskmanagement_I811991Service.Mitigations"/>
            </Action>
            <Action Name="draftEdit" IsBound="true" EntitySetPath="in">
                <Parameter Name="in" Type="riskmanagement_I811991Service.Risks"/>
                <Parameter Name="PreserveChanges" Type="Edm.Boolean"/>
                <ReturnType Type="riskmanagement_I811991Service.Risks"/>
            </Action>
            <Action Name="draftEdit" IsBound="true" EntitySetPath="in">
                <Parameter Name="in" Type="riskmanagement_I811991Service.Mitigations"/>
                <Parameter Name="PreserveChanges" Type="Edm.Boolean"/>
                <ReturnType Type="riskmanagement_I811991Service.Mitigations"/>
            </Action>
            <Annotations Target="riskmanagement_I811991Service.EntityContainer/Risks">
                <Annotation Term="Common.DraftRoot">
                    <Record Type="Common.DraftRootType">
                        <PropertyValue Property="ActivationAction" String="riskmanagement_I811991Service.draftActivate"/>
                        <PropertyValue Property="EditAction" String="riskmanagement_I811991Service.draftEdit"/>
                        <PropertyValue Property="PreparationAction" String="riskmanagement_I811991Service.draftPrepare"/>
                    </Record>
                </Annotation>
            </Annotations>
            <Annotations Target="riskmanagement_I811991Service.Risks/createdAt">
                <Annotation Term="UI.HiddenFilter" Bool="true"/>
                <Annotation Term="Core.Immutable" Bool="true"/>
                <Annotation Term="Core.Computed" Bool="true"/>
                <Annotation Term="Common.Label" String="{i18n>CreatedAt}"/>
                </Annotations>
                <Annotations Target="riskmanagement_I811991Service.Risks/createdBy">
                    <Annotation Term="UI.HiddenFilter" Bool="true"/>
                    <Annotation Term="Core.Immutable" Bool="true"/>
                    <Annotation Term="Core.Computed" Bool="true"/>
                    <Annotation Term="Core.Description" String="{i18n>UserID.Description}"/>
                        <Annotation Term="Common.Label" String="{i18n>CreatedBy}"/>
                        </Annotations>
                        <Annotations Target="riskmanagement_I811991Service.Risks/modifiedAt">
                            <Annotation Term="UI.HiddenFilter" Bool="true"/>
                            <Annotation Term="Core.Computed" Bool="true"/>
                            <Annotation Term="Common.Label" String="{i18n>ChangedAt}"/>
                            </Annotations>
                            <Annotations Target="riskmanagement_I811991Service.Risks/modifiedBy">
                                <Annotation Term="UI.HiddenFilter" Bool="true"/>
                                <Annotation Term="Core.Computed" Bool="true"/>
                                <Annotation Term="Core.Description" String="{i18n>UserID.Description}"/>
                                    <Annotation Term="Common.Label" String="{i18n>ChangedBy}"/>
                                    </Annotations>
                                    <Annotations Target="riskmanagement_I811991Service.Risks/ID">
                                        <Annotation Term="Core.Computed" Bool="true"/>
                                    </Annotations>
                                    <Annotations Target="riskmanagement_I811991Service.Risks/IsActiveEntity">
                                        <Annotation Term="UI.Hidden" Bool="true"/>
                                    </Annotations>
                                    <Annotations Target="riskmanagement_I811991Service.Risks/HasActiveEntity">
                                        <Annotation Term="UI.Hidden" Bool="true"/>
                                    </Annotations>
                                    <Annotations Target="riskmanagement_I811991Service.Risks/HasDraftEntity">
                                        <Annotation Term="UI.Hidden" Bool="true"/>
                                    </Annotations>
                                    <Annotations Target="riskmanagement_I811991Service.Risks/DraftAdministrativeData">
                                        <Annotation Term="UI.Hidden" Bool="true"/>
                                    </Annotations>
                                    <Annotations Target="riskmanagement_I811991Service.EntityContainer/Mitigations">
                                        <Annotation Term="Common.DraftRoot">
                                            <Record Type="Common.DraftRootType">
                                                <PropertyValue Property="ActivationAction" String="riskmanagement_I811991Service.draftActivate"/>
                                                <PropertyValue Property="EditAction" String="riskmanagement_I811991Service.draftEdit"/>
                                                <PropertyValue Property="PreparationAction" String="riskmanagement_I811991Service.draftPrepare"/>
                                            </Record>
                                        </Annotation>
                                    </Annotations>
                                    <Annotations Target="riskmanagement_I811991Service.Mitigations/createdAt">
                                        <Annotation Term="UI.HiddenFilter" Bool="true"/>
                                        <Annotation Term="Core.Immutable" Bool="true"/>
                                        <Annotation Term="Core.Computed" Bool="true"/>
                                        <Annotation Term="Common.Label" String="{i18n>CreatedAt}"/>
                                        </Annotations>
                                        <Annotations Target="riskmanagement_I811991Service.Mitigations/createdBy">
                                            <Annotation Term="UI.HiddenFilter" Bool="true"/>
                                            <Annotation Term="Core.Immutable" Bool="true"/>
                                            <Annotation Term="Core.Computed" Bool="true"/>
                                            <Annotation Term="Core.Description" String="{i18n>UserID.Description}"/>
                                                <Annotation Term="Common.Label" String="{i18n>CreatedBy}"/>
                                                </Annotations>
                                                <Annotations Target="riskmanagement_I811991Service.Mitigations/modifiedAt">
                                                    <Annotation Term="UI.HiddenFilter" Bool="true"/>
                                                    <Annotation Term="Core.Computed" Bool="true"/>
                                                    <Annotation Term="Common.Label" String="{i18n>ChangedAt}"/>
                                                    </Annotations>
                                                    <Annotations Target="riskmanagement_I811991Service.Mitigations/modifiedBy">
                                                        <Annotation Term="UI.HiddenFilter" Bool="true"/>
                                                        <Annotation Term="Core.Computed" Bool="true"/>
                                                        <Annotation Term="Core.Description" String="{i18n>UserID.Description}"/>
                                                            <Annotation Term="Common.Label" String="{i18n>ChangedBy}"/>
                                                            </Annotations>
                                                            <Annotations Target="riskmanagement_I811991Service.Mitigations/ID">
                                                                <Annotation Term="Core.Computed" Bool="true"/>
                                                            </Annotations>
                                                            <Annotations Target="riskmanagement_I811991Service.Mitigations/IsActiveEntity">
                                                                <Annotation Term="UI.Hidden" Bool="true"/>
                                                            </Annotations>
                                                            <Annotations Target="riskmanagement_I811991Service.Mitigations/HasActiveEntity">
                                                                <Annotation Term="UI.Hidden" Bool="true"/>
                                                            </Annotations>
                                                            <Annotations Target="riskmanagement_I811991Service.Mitigations/HasDraftEntity">
                                                                <Annotation Term="UI.Hidden" Bool="true"/>
                                                            </Annotations>
                                                            <Annotations Target="riskmanagement_I811991Service.Mitigations/DraftAdministrativeData">
                                                                <Annotation Term="UI.Hidden" Bool="true"/>
                                                            </Annotations>
                                                            <Annotations Target="riskmanagement_I811991Service.DraftAdministrativeData">
                                                                <Annotation Term="Common.Label" String="{i18n>Draft_DraftAdministrativeData}"/>
                                                                </Annotations>
                                                                <Annotations Target="riskmanagement_I811991Service.DraftAdministrativeData/DraftUUID">
                                                                    <Annotation Term="UI.Hidden" Bool="true"/>
                                                                    <Annotation Term="Common.Label" String="{i18n>Draft_DraftUUID}"/>
                                                                    </Annotations>
                                                                    <Annotations Target="riskmanagement_I811991Service.DraftAdministrativeData/CreationDateTime">
                                                                        <Annotation Term="Common.Label" String="{i18n>Draft_CreationDateTime}"/>
                                                                        </Annotations>
                                                                        <Annotations Target="riskmanagement_I811991Service.DraftAdministrativeData/CreatedByUser">
                                                                            <Annotation Term="Common.Label" String="{i18n>Draft_CreatedByUser}"/>
                                                                            </Annotations>
                                                                            <Annotations Target="riskmanagement_I811991Service.DraftAdministrativeData/DraftIsCreatedByMe">
                                                                                <Annotation Term="UI.Hidden" Bool="true"/>
                                                                                <Annotation Term="Common.Label" String="{i18n>Draft_DraftIsCreatedByMe}"/>
                                                                                </Annotations>
                                                                                <Annotations Target="riskmanagement_I811991Service.DraftAdministrativeData/LastChangeDateTime">
                                                                                    <Annotation Term="Common.Label" String="{i18n>Draft_LastChangeDateTime}"/>
                                                                                    </Annotations>
                                                                                    <Annotations Target="riskmanagement_I811991Service.DraftAdministrativeData/LastChangedByUser">
                                                                                        <Annotation Term="Common.Label" String="{i18n>Draft_LastChangedByUser}"/>
                                                                                        </Annotations>
                                                                                        <Annotations Target="riskmanagement_I811991Service.DraftAdministrativeData/InProcessByUser">
                                                                                            <Annotation Term="Common.Label" String="{i18n>Draft_InProcessByUser}"/>
                                                                                            </Annotations>
                                                                                            <Annotations Target="riskmanagement_I811991Service.DraftAdministrativeData/DraftIsProcessedByMe">
                                                                                                <Annotation Term="UI.Hidden" Bool="true"/>
                                                                                                <Annotation Term="Common.Label" String="{i18n>Draft_DraftIsProcessedByMe}"/>
                                                                                                </Annotations>
                                                                                            </Schema>
                                                                                        </edmx:DataServices>
                                                                                    </edmx:Edmx>