{
  "test/integration/opaTests.qunit.js.map": 1690855301607,
  "test/integration/pages/RisksObjectPage.js": 1690853601349,
  "test/integration/pages/RisksList.js": 1690853601345,
  "test/integration/opaTests.qunit.js": 1690853601321,
  "test/integration/FirstJourney.js": 1690853601373,
  "test/testsuite.qunit.js": 1690853601309,
  "xs-app.json": 1690855282026,
  "manifest.json": 1690855282026,
  "Component.js": 1690853601261,
  "test/integration/pages/RisksList-dbg.js": 1690853601345,
  "test/integration/pages/RisksList.js.map": 1690855301615,
  "test/integration/pages/RisksObjectPage-dbg.js": 1690853601349,
  "test/integration/pages/RisksObjectPage.js.map": 1690855301602,
  "test/integration/opaTests.qunit-dbg.js": 1690853601321,
  "i18n/i18n.properties": 1690853630449,
  "test/integration/FirstJourney-dbg.js": 1690853601373,
  "test/integration/FirstJourney.js.map": 1690855301616,
  "test/testsuite.qunit-dbg.js": 1690853601309,
  "test/testsuite.qunit.js.map": 1690855301607,
  "Component-dbg.js": 1690853601261,
  "Component.js.map": 1690855301609,
  "Component-preload.js": 1690855301698,
  "Component-preload.js.map": 1690855301698,
  "test/integration/opaTests.qunit.html": 1690853601321,
  "test/testsuite.qunit.html": 1690853601301,
  "test/flpSandbox.html": 1690853601301,
  "localService/metadata.xml": 1690853601293,
  "index.html": 1690853601261
}