{
  "manifest.json": 1690855282026,
  "Component.js": 1690853695541,
  "test/integration/pages/MitigationsObjectPage.js": 1690853695653,
  "test/integration/pages/MitigationsList.js": 1690853695653,
  "test/integration/opaTests.qunit.js": 1690853695645,
  "test/integration/FirstJourney.js": 1690853695721,
  "test/testsuite.qunit.js": 1690853695641,
  "xs-app.json": 1690855282026,
  "i18n/i18n.properties": 1690853724885,
  "test/integration/pages/RisksObjectPage.js": 1690853695665,
  "test/integration/pages/MitigationsObjectPage-dbg.js": 1690853695653,
  "test/integration/pages/MitigationsObjectPage.js.map": 1690855294446,
  "Component-dbg.js": 1690853695541,
  "Component.js.map": 1690855294434,
  "test/integration/pages/MitigationsList-dbg.js": 1690853695653,
  "test/integration/pages/MitigationsList.js.map": 1690855294434,
  "test/integration/opaTests.qunit-dbg.js": 1690853695645,
  "test/integration/opaTests.qunit.js.map": 1690855294438,
  "test/integration/FirstJourney-dbg.js": 1690853695721,
  "test/integration/FirstJourney.js.map": 1690855294443,
  "test/testsuite.qunit-dbg.js": 1690853695641,
  "test/testsuite.qunit.js.map": 1690855294441,
  "test/integration/pages/RisksObjectPage-dbg.js": 1690853695665,
  "test/integration/pages/RisksObjectPage.js.map": 1690855294441,
  "Component-preload.js": 1690855294530,
  "Component-preload.js.map": 1690855294530,
  "test/integration/opaTests.qunit.html": 1690853695645,
  "test/testsuite.qunit.html": 1690853695633,
  "test/flpSandbox.html": 1690853695633,
  "localService/metadata.xml": 1690853695629,
  "index.html": 1690853695541
}